{"sidebar":{"search-2":{"title":""},"mts_ad_300_widget-2":{"title":"","ad":"https:\/\/demo.mythemeshop.com\/ad-sense-viral\/files\/2016\/10\/sidebar-banner.jpg","link":"http:\/\/mythemeshop.com\/"},"wpt_widget-2":{"tabs":{"latest":{"tab_name":"Latest","icon":"Select Tab Icon","num_post":"5","show_thumbnail":"1","thumb_size":"small","small_thumb_align":"left","custom_thumb_align":"left","custom_thumb_w":"65","custom_thumb_h":"65","show_date":"1","show_comment":"0","show_excerpt":"0","excerpt_length":"15","allow_pagination":"1","title_length":"7"},"popular":{"tab_name":"Popular","icon":"Select Tab Icon","popular_query_by":"views","num_post":"5","days":"","custom_days":"90","show_thumbnail":"1","thumb_size":"small","small_thumb_align":"left","custom_thumb_align":"left","custom_thumb_w":"65","custom_thumb_h":"65","show_date":"1","show_comment":"0","show_excerpt":"0","excerpt_length":"15","allow_pagination":"1","title_length":"7"}},"template":{"style":"","pagination_style":"","loader":"wpt-load8","bg":"","color":"","link_color":"","link_hover_color":"","list_hover_bg":"","tab_bg":"","tab_color":"","tab_hover_bg":"","tab_hover_color":"","tab_active_bg":"","tab_active_color":"","nav_bg":"","nav_color":"","nav_button_bg":"","nav_button_color":"","nav_hover_bg":"","nav_hover_color":"","nav_active_bg":"","nav_active_color":""},"use_ajax":"1"},"mts_coupon_popular_posts_widget-5":{"title":"Popular Offers","qty":5,"title_length":7,"date":0,"days":30,"show_title":1,"box_layout":"horizontal-small","show_excerpt":0,"excerpt_length":10}},"sidebar-coupons":{"mts_ad_300_widget-3":{"title":"","ad":"https:\/\/demo.mythemeshop.com\/ad-sense-viral\/files\/2016\/10\/sidebar-banner.jpg","link":"http:\/\/mythemeshop.com\/"},"mts_coupon_popular_posts_widget-2":{"title":"Popular Offers","qty":5,"title_length":7,"date":0,"days":9999,"show_title":1,"box_layout":"horizontal-small","show_excerpt":0,"excerpt_length":10},"mts_coupon_recent_posts_widget-2":{"title":"Latest Coupons","qty":5,"title_length":12,"date":0,"offer_title":1,"show_excerpt":0,"excerpt_length":10}},"sidebar-single-coupon":{"search-3":{"title":""},"mts_coupon_brand_info_widget-2":{"title":"","brand_imgurl":"https:\/\/demo.mythemeshop.com\/coupon\/files\/2016\/12\/Lush-Logo.png","brand_rewards":"Upto 10% Extra Rewards","brand_button_text":"Shop at Ebay","brand_url":"#"},"mts_coupon_popular_posts_widget-3":{"title":"Popular Offers","qty":3,"title_length":5,"date":0,"days":9999,"show_title":1,"box_layout":"vertical-small","show_excerpt":0,"excerpt_length":10},"mts_site_stats_widget-2":{"title":"","stats_number":"21,390","stats_text":"Coupons redeemed","stats_icon":"tag","stats_number2":"1,401","stats_text2":"Coupons & Deals for you","stats_icon2":"shopping-bag","stats_number3":"50,000+","stats_text3":"Happy Users","stats_icon3":"user"}},"footer-first":{"archives-2":{"title":"","count":0,"dropdown":0}},"footer-first-2":{"categories-2":{"title":"","count":0,"hierarchical":0,"dropdown":0}},"footer-first-3":{"recent-comments-2":{"title":"","number":3}},"footer-first-4":{"recent-posts-2":{"title":"","number":4,"show_date":false}}}