{"sidebar":{"search-2":{"title":""},"categories-4":{"title":"","count":1,"hierarchical":0,"dropdown":0},"social-profile-icons-2":{"title":"","facebook":"https:\/\/facebook.com\/mythemeshop","behance":"#","flickr":"","gplus":"https:\/\/google.com\/+MyThemeShop","pinterest":"#","instagram":"#","dribbble":"#","linkedin":"#","soundcloud":"#","twitter":"#","vimeo":"#","stumbleupon":"#","tumblr":"#","github":"#","youtube":"https:\/\/www.youtube.com\/user\/mythemeshoptube","foursquare":"#","reddit":"#","dropbox":"#","skype":"#","email":"#","rss":"http:\/\/feeds.feedburner.com\/mythemeshop"},"mts_popular_posts_widget-2":{"title":"Popular Posts","qty":5,"title_length":7,"comment_num":0,"date":0,"days":9999,"show_thumb3":1,"box_layout":"horizontal-small","show_excerpt":0,"excerpt_length":10},"mts_recent_posts_widget-2":{"title":"Latest Posts","qty":2,"title_length":7,"comment_num":0,"date":0,"show_thumb2":1,"box_layout":"vertical-small","show_excerpt":0,"excerpt_length":10}},"sidebar-coupons":{"mts_coupon_brand_info_widget-2":{"title":"","brand_imgurl":"https:\/\/demo.mythemeshop.com\/coupon\/files\/2016\/12\/ebay-logo.png","brand_rewards":"Upto 10% Extra Rewards","brand_button_text":"Shop at Ebay","brand_url":"https:\/\/demo.mythemeshop.com\/coupon\/coupons\/free-standard-shipping-and-returns-sitewide\/"},"coupon_categories_widget-2":{"title":"Coupon Categories","count":1,"hierarchical":0,"dropdown":0},"mts_coupon_recent_posts_widget-2":{"title":"Latest Offers","qty":4,"title_length":12,"date":0,"offer_title":1,"show_excerpt":0,"excerpt_length":10},"social-profile-icons-3":{"title":"","facebook":"https:\/\/facebook.com\/mythemeshop","behance":"","flickr":"","gplus":"https:\/\/google.com\/+MyThemeShop","pinterest":"#","instagram":"#","dribbble":"#","linkedin":"#","soundcloud":"#","twitter":"https:\/\/twitter.com\/mythemeshopteam","vimeo":"","stumbleupon":"","tumblr":"","github":"","youtube":"https:\/\/www.youtube.com\/user\/mythemeshoptube","foursquare":"","reddit":"","dropbox":"","skype":"","email":"","rss":"http:\/\/feeds.feedburner.com\/mythemeshop"},"mts_coupon_popular_posts_widget-2":{"title":"Popular Offers","qty":4,"title_length":8,"date":0,"days":99999,"show_title":1,"box_layout":"horizontal-small","show_excerpt":0,"excerpt_length":10}},"sidebar-single-coupon":{"categories-3":{"title":"","count":1,"hierarchical":0,"dropdown":0},"mts_coupon_recent_posts_widget-3":{"title":"Latest Coupons","qty":3,"title_length":12,"date":1,"offer_title":1,"show_excerpt":0,"excerpt_length":10},"mts_coupon_popular_posts_widget-3":{"title":"Popular Offers","qty":5,"title_length":8,"date":0,"days":9999,"show_title":1,"box_layout":"horizontal-small","show_excerpt":0,"excerpt_length":10}},"widget-subscribe":{"wp_subscribe-3":{"service":"feedburner","feedburner_id":"MyThemeShop","mailchimp_api_key":"","mailchimp_list_id":"","mailchimp_double_optin":"0","aweber_list_id":"","include_name_field":"0","title":"","text":"Subscribe to our mailing list and get interesting stuff and updates to your email inbox.","name_placeholder":"Enter your name here","email_placeholder":"Enter your email here","button_text":"Sign Up Now","success_message":"Thank you for subscribing.","error_message":"Something went wrong.","already_subscribed_message":"This email is already subscribed","footer_text":"we respect your privacy and take protecting it seriously"}},"footer-first":{"mts_site_stats_widget-2":{"title":"","stats_number":"21,390","stats_text":"Coupons redeemed","stats_icon":"tag","stats_number2":"1,401","stats_text2":"Coupons & Deals for you","stats_icon2":"shopping-bag","stats_number3":"50,000+","stats_text3":"Happy Users","stats_icon3":"user"}},"footer-first-2":{"nav_menu-2":{"title":"More Links","nav_menu":44}},"footer-first-3":{"text-2":{"title":"About Coupon","text":"Donec vel ante tincidunt, volutpat felis sit amet, porttitor sem. Sed blandit vulputate augue. Morbi id nisi lorem.\r\n<br \/><br \/>\r\nIn non ullamcorper neque. Vestibulum lacinia diam ac consequat tincidunt porttitor sem","filter":false}},"footer-first-4":{"text-3":{"title":"","text":"<a href=\"https:\/\/demo.mythemeshop.com\/coupon\/\"><img src=\"https:\/\/democdn.mythemeshop.com\/coupon\/files\/2016\/12\/logo.png\" alt=\"Coupon\"><\/a>","filter":false},"mts_coupon_app_widget-2":{"title":"","app_small":"Available for","app_large":"Android","app_icon":"android","app_url":"#","app_small2":"Available for","app_large2":"App Store","app_icon2":"apple","app_url2":"#"}},"shop-sidebar":{"woocommerce_product_search-2":{"title":""},"woocommerce_price_filter-2":{"title":"Filter by price"},"woocommerce_product_categories-2":{"title":"Product Categories","orderby":"name","dropdown":0,"count":0,"hierarchical":1,"show_children_only":0,"hide_empty":0},"woocommerce_layered_nav-2":{"title":"Filter by","attribute":"color","display_type":"list","query_type":"and"}},"product-sidebar":{"woocommerce_products-2":{"title":"Products","number":5,"show":"","orderby":"date","order":"desc","hide_free":0,"show_hidden":0},"woocommerce_top_rated_products-2":{"title":"Top Rated Products","number":5}}}